{"cameraMode":{"drawMode":0,"name":"Shaded","section":"Shading Mode"},"sceneLighting":true,"audioPlay":false,"sceneViewState":{"m_AlwaysRefresh":false,"showFog":true,"showSkybox":true,"showFlares":true,"showImageEffects":true,"showParticleSystems":true,"showVisualEffectGraphs":true,"m_FxEnabled":true},"in2DMode":false,"pivot":{"x":-0.04934722185134888,"y":0.3214613199234009,"z":0.44089698791503909},"rotation":{"x":0.05398143082857132,"y":-0.7138181924819946,"z":0.05535869300365448,"w":0.6960502862930298},"size":4.718221187591553,"orthographic":true}